<?xml version="1.0" encoding="UTF-8"?>
<project-private xmlns="http://www.netbeans.org/ns/project-private/1">
    <editor-bookmarks xmlns="http://www.netbeans.org/ns/editor-bookmarks/2" lastBookmarkId="0"/>
    <open-files xmlns="http://www.netbeans.org/ns/projectui-open-files/2">
        <group>
            <file>file:/C:/Users/USUARIO/Documents/NetBeansProjects/tallerciclos/src/ejercicio4/metodoArmstrong.java</file>
            <file>file:/C:/Users/USUARIO/Documents/NetBeansProjects/tallerciclos/src/ejercicio2/secuenciaulam.java</file>
            <file>file:/C:/Users/USUARIO/Documents/NetBeansProjects/tallerciclos/src/ejercicio7/aprenderArestar.java</file>
            <file>file:/C:/Users/USUARIO/Documents/NetBeansProjects/tallerciclos/src/ejercicio3/algoritmoeuclides.java</file>
            <file>file:/C:/Users/USUARIO/Documents/NetBeansProjects/tallerciclos/src/ejercicio5/seriedelucas.java</file>
            <file>file:/C:/Users/USUARIO/Documents/NetBeansProjects/tallerciclos/src/ejercicio1/collatz.java</file>
            <file>file:/C:/Users/USUARIO/Documents/NetBeansProjects/tallerciclos/src/ejercicio6/aprenderAsumar.java</file>
        </group>
    </open-files>
</project-private>
